review_id,username,review_text,rating,review_date,helpful_count,app_name,platform,country,scraped_at,has_explicit_content,has_age_concerns,has_mental_health,has_algorithm,has_parental_controls,is_relevant,review_text_clean,language,age_category,explicit_age,age_inference_method,word_count
23d2414b-f5a2-4094-beb7-fa4957b42e6a,Mack (Loz),"I can't send pictures to my friends when messaging, I know some can but others can't, also I created some stickers to show my friends my cats and I got them removed saying I'd violated due to uploading pictures of abuse, drug abuse, hate speech, and sexually suggestive content!",1,2026-01-15 18:35:11,0,tiktok,google_play,np,2026-01-16T19:17:04.888551,True,False,False,False,False,True,i can't send pictures to my friends when messaging i know some can but others can't also i created some stickers to show my friends my cats and i got them removed saying i'd violated due to uploading pictures of abuse drug abuse hate speech and sexually suggestive content,en,unknown,,no_indicator,49
5df97896-a31a-4c04-bb54-6964fb4e011e,Ali West,"Despite hitting Not Interested, clearing caches, restricting keywords, refreshing feed, and blocking certain users, my algorithm will rarely show me content I actually want to watch. I can easily see 5 ads/paid partnerships in a row for things I have not nor ever will be interested. The only reason I seem to use this app recently is to see content friends directly send me as I can't seem to come across it naturally in a consistent manner.",2,2026-01-15 17:17:12,36,tiktok,google_play,np,2026-01-16T19:17:04.888551,False,False,False,True,True,True,despite hitting not interested clearing caches restricting keywords refreshing feed and blocking certain users my algorithm will rarely show me content i actually want to watch i can easily see 5 ads paid partnerships in a row for things i have not nor ever will be interested the only reason i seem to use this app recently is to see content friends directly send me as i can't seem to come across it naturally in a consistent manner,en,unknown,,no_indicator,78
92f27687-d56a-4753-a5c4-c7fc770e3f37,Rupert Millington,I got blocked from my mummy ao im mot allowed to get om tiktok and watch reddit stories all the time at night ao that is really sad but I aitll fibe it a 5 star review,5,2026-01-15 15:26:10,0,tiktok,google_play,np,2026-01-16T19:17:04.888551,False,False,False,False,True,True,i got blocked from my mummy ao im mot allowed to get om tiktok and watch reddit stories all the time at night ao that is really sad but i aitll fibe it a 5 star review,en,unknown,,no_indicator,37
395c25d1-dcf0-4ced-886c-0515152e2dbe,Lizi,"literally worst support center ever. FIRST OF ALL, they restricted me from following at all FOR NO REASON, and they didn't even warn me. i had 285 streak day with my boyfriend and i was testing something so i unfollowed him, our streak ended and we couldnt restore it. when we contacted tiktok help center they were 0% helpful, kept repeating how there was sus app which is why they banned me from it. and yeah, eventually our streak ended which is so unfair.",1,2026-01-15 13:41:14,0,tiktok,google_play,np,2026-01-16T19:17:04.888551,False,False,False,False,True,True,literally worst support center ever first of all they restricted me from following at all for no reason and they didn't even warn me i had 285 streak day with my boyfriend and i was testing something so i unfollowed him our streak ended and we couldnt restore it when we contacted tiktok help center they were 0 helpful kept repeating how there was sus app which is why they banned me from it and yeah eventually our streak ended which is so unfair,en,unknown,,no_indicator,84
f0948114-1bb0-4f04-a4c4-9bff6c6b0fa9,Ashlyn Waterman,"it was good until i got a thing saying my account will be deleted on the 30th because apparently, i don't meet the age requirements. I'm 16 years old, clearly above the age of 13. I appaeled it and use the selfie option to recover it, but tiktok decides it has other plans. Other than that, it's constant ads.",3,2026-01-15 13:23:27,0,tiktok,google_play,np,2026-01-16T19:17:04.888551,False,True,False,False,False,True,it was good until i got a thing saying my account will be deleted on the 30th because apparently i don't meet the age requirements i'm 16 years old clearly above the age of 13 i appaeled it and use the selfie option to recover it but tiktok decides it has other plans other than that it's constant ads,en,teen,16.0,explicit_self,59
d0fb1f92-6c7c-437b-868f-8ec0c5e8e406,c turner,"I keep getting links to short videos, but when I click on the video:NO VIDEO... only a link to download Tik Tok app. HAIL...NOOOOO! It's time to block everything tiktok, on my phone. cheeez!",1,2026-01-15 13:06:03,0,tiktok,google_play,np,2026-01-16T19:17:04.888551,False,False,False,False,True,True,i keep getting links to short videos but when i click on the video no video only a link to download tik tok app hail nooooo it's time to block everything tiktok on my phone cheeez,en,unknown,,no_indicator,36
ba705b11-857c-4266-aeb4-9ff805819ecf,Carter,"got banned cause im ""below 13"" though im not it feels like roblox face scan now cant appeal or do anything (2 years worth of progress gone right there by the way)",1,2026-01-15 12:16:07,2,tiktok,google_play,np,2026-01-16T19:17:04.888551,False,True,False,False,False,True,got banned cause im below 13 though im not it feels like roblox face scan now cant appeal or do anything 2 years worth of progress gone right there by the way,en,unknown,,no_indicator,32
22703968-2024-4a5d-9a54-a529caac8dcf,Andy Vargas,I am 15 years old and my nephew went on here saying he's 11 and my account is banned and it will be deleted in 2 months it stupid,1,2026-01-15 11:03:55,0,tiktok,google_play,np,2026-01-16T19:17:04.888551,False,True,False,False,False,True,i am 15 years old and my nephew went on here saying he's 11 and my account is banned and it will be deleted in 2 months it stupid,en,teen,15.0,explicit_self,29
af0fd05b-4393-4694-9e11-0609b708e657,Shawon Hossain,It's a good apps but you guys should add follow button in for you page.like facebook.it will easy to follow anyone.,5,2026-01-15 10:21:12,0,tiktok,google_play,np,2026-01-16T19:17:04.888551,False,False,False,True,False,True,it's a good apps but you guys should add follow button in for you page like facebook it will easy to follow anyone,en,unknown,,no_indicator,23
f5328122-974a-4958-9525-04d04d278547,Grumpy cranky Chipmunk,"TikTok is a platform with a very strict censorship system. The settings are unfair and unjust regarding community violation mechanisms; the rules are confusing, as they banned some of my posts, yet my eyes have witnessed others uploading identical content without being banned. It seems to be based on whether the account holder is willing to pay for views rather than the content of the post, even if it involves sensitive, inappropriate, or violent graphic content. Most of my appeals are rejected.",1,2026-01-15 10:20:39,0,tiktok,google_play,np,2026-01-16T19:17:04.888551,True,False,False,False,False,True,tiktok is a platform with a very strict censorship system the settings are unfair and unjust regarding community violation mechanisms the rules are confusing as they banned some of my posts yet my eyes have witnessed others uploading identical content without being banned it seems to be based on whether the account holder is willing to pay for views rather than the content of the post even if it involves sensitive inappropriate or violent graphic content most of my appeals are rejected,en,unknown,,no_indicator,82
2ff534a1-5656-410c-b5f6-def1e45bc130,Syd,Horrible algorithm and gives several ads back to back,1,2026-01-15 10:18:00,2,tiktok,google_play,np,2026-01-16T19:17:04.888551,False,False,False,True,False,True,horrible algorithm and gives several ads back to back,en,unknown,,no_indicator,9
358a74c8-0192-4339-bfae-4cf8e08df558,Peace Ayibakuro,I don't but I get restricted from doing basic things on tiktok it's bad,1,2026-01-15 09:48:08,0,tiktok,google_play,np,2026-01-16T19:17:04.888551,False,False,False,False,True,True,i don't but i get restricted from doing basic things on tiktok it's bad,en,unknown,,no_indicator,14
2414dc66-9f30-4fc2-9b8f-048ebab5f9e2,Sarah Moon,"Not great, I have blocked certain keywords to not receive certain type of videos because I am sensitive toward certain subject. But every time I go on the app the first video is exactly what I don't want to see and even worse the 10 or + videos that follows are exactly the type of content that are really triggering for me.",1,2026-01-15 09:13:35,0,tiktok,google_play,np,2026-01-16T19:17:04.888551,False,False,False,False,True,True,not great i have blocked certain keywords to not receive certain type of videos because i am sensitive toward certain subject but every time i go on the app the first video is exactly what i don't want to see and even worse the 10 or videos that follows are exactly the type of content that are really triggering for me,en,unknown,,no_indicator,61
13185e98-73b4-43ea-97c1-c2a0e599ef56,Ashton jared Made garcia,it's not giving me a for you page,1,2026-01-15 09:10:17,0,tiktok,google_play,np,2026-01-16T19:17:04.888551,False,False,False,True,False,True,it's not giving me a for you page,en,unknown,,no_indicator,8
5d280951-54ff-4b93-ae86-f31bdef1010a,Julian Toney,"a great app it's like youtube shorts but you get the memes way faster,but what I don't like is how I got my tiktok acc banned for being to young even though I've seen 6 year olds on this app which I am way older than 6 but otherwise its good",4,2026-01-15 09:04:08,0,tiktok,google_play,np,2026-01-16T19:17:04.888551,False,True,False,False,False,True,a great app it's like youtube shorts but you get the memes way faster but what i don't like is how i got my tiktok acc banned for being to young even though i've seen 6 year olds on this app which i am way older than 6 but otherwise its good,en,unknown,,no_indicator,52
859f91e0-e7f5-4d80-9086-db6f1a289b8b,Kherri Wilson,"When there's a related search on a video, if I click on it, it just loads forever and never actually works. Why doesn't the search work? So many related videos and information I can't access because of this. It's 2025 how is the sound so vastly different per video on my fyp. So many ads.",1,2026-01-15 08:19:03,911,tiktok,google_play,np,2026-01-16T19:17:04.888551,False,False,False,True,False,True,when there's a related search on a video if i click on it it just loads forever and never actually works why doesn't the search work so many related videos and information i can't access because of this it's 2025 how is the sound so vastly different per video on my fyp so many ads,en,adult,,role_indicator,55
a0e224ad-7c51-4d60-a97b-45f354c66a91,Kimberly Trolinger,very good but i lost my photo ability 4 hours ago,5,2026-01-15 08:11:37,0,tiktok,google_play,np,2026-01-16T19:17:04.888551,False,False,True,False,False,True,very good but i lost my photo ability 4 hours ago,en,unknown,,no_indicator,11
4f8536f7-dbdd-4996-9731-eb4b8ab4aecb,Rio Wiersch,Since when is a cigar a illegal good??? Yet they show you tweakers over dosing?? And also shows cops breaking the law??? Yet i cant have a cigar in my video for 1 second smfh. 9/23/24 update- ill reinstall your lil app when you stop deleting my comments cause they hurt ur lil feelings. 1/1/25 update yall needa stop showing me the same 5 videos 1/14/26 mannn yall soft af,1,2026-01-15 08:04:11,0,tiktok,google_play,np,2026-01-16T19:17:04.888551,False,True,False,False,False,True,since when is a cigar a illegal good yet they show you tweakers over dosing and also shows cops breaking the law yet i cant have a cigar in my video for 1 second smfh 9 23 24 update ill reinstall your lil app when you stop deleting my comments cause they hurt ur lil feelings 1 1 25 update yall needa stop showing me the same 5 videos 1 14 26 mannn yall soft af,en,unknown,,no_indicator,76
5c939d7a-446e-4663-ad22-b950fa15c230,Benjamin Sambrook,PLEASE add an option to not see live streams on your fyp i get one ever 3 or 4 scrolls,2,2026-01-15 08:01:19,0,tiktok,google_play,np,2026-01-16T19:17:04.888551,False,False,False,True,False,True,please add an option to not see live streams on your fyp i get one ever 3 or 4 scrolls,en,unknown,,no_indicator,20
b4303a3a-ea98-44d9-8ab4-6580bfc2d886,Leandro Feldpusch,"Actually such a Pathetic app People are posting literal pornography and videos of them insulting people for beliefs, looks and such, but when you try to talk back those people you get your comments removed and trying to appeal only gets your account a strike. I reported someone who had swastikas in his name and had ""PissOnJews"" as his name and support did not see any violation in that persons account.",1,2026-01-15 06:06:01,0,tiktok,google_play,np,2026-01-16T19:17:04.888551,True,False,False,False,False,True,actually such a pathetic app people are posting literal pornography and videos of them insulting people for beliefs looks and such but when you try to talk back those people you get your comments removed and trying to appeal only gets your account a strike i reported someone who had swastikas in his name and had pissonjews as his name and support did not see any violation in that persons account,en,unknown,,no_indicator,71
099bea5e-4ba7-4771-b315-2d4943c3cbc0,Erin,"I got banned twice for posting videos of me with filters covering my face! lost 2 accounts and whenever I tried signing back in or entering my birthday it came up with ""your not eligible"" when I was no matter what I set my age too no matter how many times I re installed it they really need to be more clear and easier to use",2,2026-01-15 05:27:45,0,tiktok,google_play,np,2026-01-16T19:17:04.888551,False,False,False,False,True,True,i got banned twice for posting videos of me with filters covering my face lost 2 accounts and whenever i tried signing back in or entering my birthday it came up with your not eligible when i was no matter what i set my age too no matter how many times i re installed it they really need to be more clear and easier to use,en,unknown,,no_indicator,66
330960e3-8173-4d11-b4bb-f65a6a371290,Brenton Chattin,"Good app, PC experience is better though I think. There is a lot of unfiltered AI slop and that needs addressing. Also when I click ""not interested"" on a video, it seems to have the opposite effect on my for you page algorithm/feed, It's as if I had clicked ""see more of this"", after clicking not interested, all I see are posts like that for the rest of that session. strange stuff",4,2026-01-15 05:11:43,0,tiktok,google_play,np,2026-01-16T19:17:04.888551,False,False,False,True,True,True,good app pc experience is better though i think there is a lot of unfiltered ai slop and that needs addressing also when i click not interested on a video it seems to have the opposite effect on my for you page algorithm feed it's as if i had clicked see more of this after clicking not interested all i see are posts like that for the rest of that session strange stuff,en,unknown,,no_indicator,73
1770c820-5629-468c-9b7a-ca5e5aeb9156,Mani Brooke,why am i restricted from going live,5,2026-01-15 04:24:51,0,tiktok,google_play,np,2026-01-16T19:17:04.888551,False,False,False,False,True,True,why am i restricted from going live,en,unknown,,no_indicator,7
97587946-6515-41d8-967d-af8f30313e0b,Hicker Hipolito,keep getting banned for my age and I get banned next month like still let me use it (don't recommend if ur under 13),1,2026-01-15 04:13:10,0,tiktok,google_play,np,2026-01-16T19:17:04.888551,False,True,False,False,False,True,keep getting banned for my age and i get banned next month like still let me use it don't recommend if ur under 13,da,unknown,,no_indicator,24
82862b8b-1a95-4f28-8701-3e1e6dabb3dd,Anna S (Annabella),"I reported a chat, in chat they offer a job but wanted to connect on Whatsapp for a Canadian job. I asked the person I need your website, and location/address in Canada for confirmation. The person go angry and blocked me. From this I figured it is a scam and they will scam others,so i reported There was no option for scam so i reported other hoping they would want my reason of reporting but there was no option and they said it didn't violate the system 😒🙄 when it did. be careful.",2,2026-01-15 02:49:03,0,tiktok,google_play,np,2026-01-16T19:17:04.888551,False,False,False,False,True,True,i reported a chat in chat they offer a job but wanted to connect on whatsapp for a canadian job i asked the person i need your website and location address in canada for confirmation the person go angry and blocked me from this i figured it is a scam and they will scam others so i reported there was no option for scam so i reported other hoping they would want my reason of reporting but there was no option and they said it didn't violate the system when it did be careful,en,adult,,role_indicator,94
f06db59f-1661-4ce8-8f31-b222b07cdd6d,Zack,"A large portion of the app is adult and sexually suggestive content. The recommended search terms feature adult content and searching any simple term WILL have a half naked woman as the top 5 results. I just searched ""watermelon"" and the first 4 results are sexually suggestive.",1,2026-01-15 02:03:54,0,tiktok,google_play,np,2026-01-16T19:17:04.888551,True,False,False,True,False,True,a large portion of the app is adult and sexually suggestive content the recommended search terms feature adult content and searching any simple term will have a half naked woman as the top 5 results i just searched watermelon and the first 4 results are sexually suggestive,en,unknown,,no_indicator,47
ba604639-ab19-4447-8768-59c44c62ba6d,Abshir Nur,"tiktok is okay, but am only having one problem and i don't know if others do as well everytime i go off the app even for 30sec the feed i was watching disappears and a new one appears, which is annoying, so please tiktok change this and let other people change their feed not tiktok doing it for them",3,2026-01-15 02:02:03,0,tiktok,google_play,np,2026-01-16T19:17:04.888551,False,False,False,True,False,True,tiktok is okay but am only having one problem and i don't know if others do as well everytime i go off the app even for 30sec the feed i was watching disappears and a new one appears which is annoying so please tiktok change this and let other people change their feed not tiktok doing it for them,en,unknown,,no_indicator,59
4e23dafa-0bf4-4ffb-9138-2cad2dd6e383,complete trash,For You page keeps repeating itself. Why is it showing me videos i've already liked bruh,1,2026-01-15 00:10:18,0,tiktok,google_play,np,2026-01-16T19:17:04.888551,False,False,False,True,False,True,for you page keeps repeating itself why is it showing me videos i've already liked bruh,en,unknown,,no_indicator,16
799bf8c9-eb3f-4799-a65e-45969110563e,lifeline A3,my 4 TikTok accounts banned .... I used to login fresh account in tiktok on same device it got permanent banned because of multiple violation... when i contacted tiktok support team i dont know what there analysis shows .. not good reaponse .... not satisfied with that..... i used tiktok account since 2017 or maybe 2016 but suddenly banned for multiple violation... even i tried to login my friends account in same device the account is permanently banned .... if my feedback reach team tiktok rep,3,2026-01-14 23:48:29,0,tiktok,google_play,np,2026-01-16T19:17:04.888551,False,True,False,True,False,True,my 4 tiktok accounts banned i used to login fresh account in tiktok on same device it got permanent banned because of multiple violation when i contacted tiktok support team i dont know what there analysis shows not good reaponse not satisfied with that i used tiktok account since 2017 or maybe 2016 but suddenly banned for multiple violation even i tried to login my friends account in same device the account is permanently banned if my feedback reach team tiktok rep,en,unknown,,no_indicator,82
2cb97630-b7f4-481b-8402-b68220123be2,Shannon Barwell,"my fyp has been so annoying lately, really heavy on ads/promotions and videos that are not what I'm interested in at all, many many of them in a row. these ones don't have the time stamp/slider at the bottom so they're different than usual ones I see, and I don't want them.",3,2026-01-14 23:45:31,0,tiktok,google_play,np,2026-01-16T19:17:04.888551,False,False,False,True,False,True,my fyp has been so annoying lately really heavy on ads promotions and videos that are not what i'm interested in at all many many of them in a row these ones don't have the time stamp slider at the bottom so they're different than usual ones i see and i don't want them,en,unknown,,no_indicator,54
1035cf42-b4b8-48a5-bd3a-969bd3d95c62,Ashley Caldwell,"started charging my phone bill monthly and I've bought nothing on it. As of January 14th 2026, I had to prove I'm over 18 and now can not message people or respond to messages.",3,2026-01-14 22:51:34,0,tiktok,google_play,np,2026-01-16T19:17:04.888551,False,True,False,False,False,True,started charging my phone bill monthly and i've bought nothing on it as of january 14th 2026 i had to prove i'm over 18 and now can not message people or respond to messages,en,unknown,,no_indicator,34
252a79de-be3f-4fc1-8d35-88f4d7cceb70,Megi Xhelo,is a great app overall but the way it handles community guidelines is frustrating. You can get comments taken down and account warnings for small things yet still come across explicit content while scrolling. It feels inconsistent and makes reporting seem pointless at times.,4,2026-01-14 22:35:40,0,tiktok,google_play,np,2026-01-16T19:17:04.888551,True,False,False,False,False,True,is a great app overall but the way it handles community guidelines is frustrating you can get comments taken down and account warnings for small things yet still come across explicit content while scrolling it feels inconsistent and makes reporting seem pointless at times,en,unknown,,no_indicator,44
2935f5e6-21e9-47f9-9f00-a83f88e91434,I have The,"I am Facing The Problem "" Message Can't Be Sent Since Due To Multiple Community Guidelines Violation, You're temporarily Prevented From Sending And receiving Messages Please Solve or fix my problem. My Details Are As below mangat414",5,2026-01-14 21:59:09,0,tiktok,google_play,np,2026-01-16T19:17:04.888551,False,True,False,False,False,True,i am facing the problem message can't be sent since due to multiple community guidelines violation you're temporarily prevented from sending and receiving messages please solve or fix my problem my details are as below mangat414,en,unknown,,no_indicator,36
4dd2eb12-5f89-49b7-8eb4-4614d8cee13b,Alham Safi,my video is not going to for you page I'm so sad 😔 it's not good,1,2026-01-14 21:58:19,0,tiktok,google_play,np,2026-01-16T19:17:04.888551,False,False,False,True,False,True,my video is not going to for you page i'm so sad it's not good,en,unknown,,no_indicator,15
d6514ad3-4d10-4649-9db3-ff147fa68ce1,PinkWorld 2020,I love tiktok but this update so far has been installing for over 15mins n still not done,3,2026-01-14 21:12:39,0,tiktok,google_play,np,2026-01-16T19:17:04.888551,False,True,False,False,False,True,i love tiktok but this update so far has been installing for over 15mins n still not done,no,unknown,,no_indicator,18
8ce2627b-b48b-446b-862a-f4f6879181e3,Eshaal Urooj,great app but not good filters,5,2026-01-14 20:56:29,0,tiktok,google_play,np,2026-01-16T19:17:04.888551,False,False,False,False,True,True,great app but not good filters,en,unknown,,no_indicator,6
f0558685-6d88-4a88-b2c2-166a81e34e18,Phone Games,algorithm needs to stop putting my name in every other video. it's to the point id rather not use tiktok anymore if I have to hear my name every other video.,1,2026-01-14 20:56:14,0,tiktok,google_play,np,2026-01-16T19:17:04.888551,False,False,False,True,False,True,algorithm needs to stop putting my name in every other video it's to the point id rather not use tiktok anymore if i have to hear my name every other video,en,unknown,,no_indicator,31
2cc18981-2b5c-4b2e-bf68-599860733700,Nenys Vogue,"I love tiktok so much, it has helped build my brand. however, they should take it easy with the Livestream restrictions for business owners",5,2026-01-14 20:40:30,0,tiktok,google_play,np,2026-01-16T19:17:04.888551,False,False,False,False,True,True,i love tiktok so much it has helped build my brand however they should take it easy with the livestream restrictions for business owners,en,unknown,,no_indicator,24
b79edee5-f917-41e3-8685-ce88e3a8c16e,Amanda Bates,update: account back safe! still don't know what i did wrong though. feedback would be awesome! I love this app and what's it's doing for people! My account has been suspended for reasons that remain unclear.,5,2026-01-14 20:07:59,0,tiktok,google_play,np,2026-01-16T19:17:04.888551,False,False,False,True,False,True,update account back safe still don't know what i did wrong though feedback would be awesome i love this app and what's it's doing for people my account has been suspended for reasons that remain unclear,en,unknown,,no_indicator,36
6167b3b2-b0e9-45e0-8a9e-eacc6e6493a3,Daniel Kruis,"A complete waste of time. If there were a 0 stars, it deserves it. You will get addicted to it, waste hours on end, ruin your deep focus and attention span, and fry your dopamine receptors. This app only benefits the creators, but even then the app comes with consequences for all. As a Gen Z myself, I see everyone who consumes the short-form content falling behind. These apps are one of the main causes of the loneliness epidemic too. Stay away from this app for the benefit of your well-being",1,2026-01-14 17:44:50,3,tiktok,google_play,np,2026-01-16T19:17:04.888551,False,False,True,False,False,True,a complete waste of time if there were a 0 stars it deserves it you will get addicted to it waste hours on end ruin your deep focus and attention span and fry your dopamine receptors this app only benefits the creators but even then the app comes with consequences for all as a gen z myself i see everyone who consumes the short form content falling behind these apps are one of the main causes of the loneliness epidemic too stay away from this app for the benefit of your well being,en,unknown,,no_indicator,93
1ed8f897-4308-4e6f-bc5e-5b9e43d6ac36,Geovanna Lemes,"Viciante, ótimo algoritmo, tudo que era para ser. Mas o sistema de denúncia é muito falho, denunciar informações falsas NUNCA dá certo. O mesmo com denunciar nudez",4,2026-01-14 17:43:00,0,tiktok,google_play,np,2026-01-16T19:17:04.888551,True,False,False,False,False,True,viciante timo algoritmo tudo que era para ser mas o sistema de den ncia muito falho denunciar informa es falsas nunca d certo o mesmo com denunciar nudez,pt,unknown,,no_indicator,28
a3a04504-f8dc-4e72-accb-48e47b137601,Ollyveeah,This is one of the best social media apps available all over the world but there are a few problems I dislike. Violation of community guidelines are not accurate sometimes and cause harm to people's individual accounts and some people who post explicit content don't get charged with community guidelines. And please in Nigeria here we would like for Opay to be available for us to purchase views from TikTok.,4,2026-01-14 17:21:04,0,tiktok,google_play,np,2026-01-16T19:17:04.888551,True,False,False,False,False,True,this is one of the best social media apps available all over the world but there are a few problems i dislike violation of community guidelines are not accurate sometimes and cause harm to people's individual accounts and some people who post explicit content don't get charged with community guidelines and please in nigeria here we would like for opay to be available for us to purchase views from tiktok,en,unknown,,no_indicator,70
c798a71d-af1a-4f83-9903-0f432e3c448d,Christina Barden,"I started having problems with sounds from different videos playing at once, like a video i watched before will randomly start playing again over the current video, both sounds at once. This last time the sound kept playing even after I closed the app, I had to restart my phone to get to stop. Also, when i open my app it doesn't open to the fyp. it opens on a random profile I was on in the past or a search from before, even when I close the app on the fyp. App keeps crashing as well.",1,2026-01-14 16:05:33,3078,tiktok,google_play,np,2026-01-16T19:17:04.888551,False,False,False,True,False,True,i started having problems with sounds from different videos playing at once like a video i watched before will randomly start playing again over the current video both sounds at once this last time the sound kept playing even after i closed the app i had to restart my phone to get to stop also when i open my app it doesn't open to the fyp it opens on a random profile i was on in the past or a search from before even when i close the app on the fyp app keeps crashing as well,en,unknown,,no_indicator,97
cc771e16-7b7d-4368-99f5-3d6b4346cee8,lisa lovatt,good love the app made so many friends on there and it helps with my mental health keeps me distracted only downside is that now only allowed 5 hashtags I liked it how it was before when could use as many as we wanted but other then that amazing app also for some reason not all comments are showing on my videos it'll say I've got 8 or 5 or more and ill see less then that ive checked filtered comments and nothing is there so not sure why that is,3,2026-01-14 15:40:50,16,tiktok,google_play,np,2026-01-16T19:17:04.888551,False,False,True,False,True,True,good love the app made so many friends on there and it helps with my mental health keeps me distracted only downside is that now only allowed 5 hashtags i liked it how it was before when could use as many as we wanted but other then that amazing app also for some reason not all comments are showing on my videos it'll say i've got 8 or 5 or more and ill see less then that ive checked filtered comments and nothing is there so not sure why that is,en,unknown,,no_indicator,91
c1bfdb8f-861f-439c-a8f0-6244fb1f0911,Cherylly Juanita Smith (STUNN3R),"Security 💕 a MUST with social apps,. That's any becare-full, Kid as young as 10,. and their activity on these PLATFORM!!👋",5,2026-01-14 15:17:20,0,tiktok,google_play,np,2026-01-16T19:17:04.888551,False,True,False,False,False,True,security a must with social apps that's any becare full kid as young as 10 and their activity on these platform,en,unknown,,no_indicator,21
4fccf324-2a36-49a3-a65f-99556bba1e45,Lily Adams,"Tiktok needs to pay attention to the reports more instead of just dismissing them. I've been reporting videos where literal pedophiles are talking about raping children, and tiktok passed it off as ""not breaking guidlines."" If someone can talk about raping children online without any backlash towards them from the officials, then clearly something is very wrong with the app. Until tiktok can step up and make their app safe again, I suggest now downloading this app.",2,2026-01-14 10:49:31,1,tiktok,google_play,np,2026-01-16T19:17:04.888551,False,True,False,False,False,True,tiktok needs to pay attention to the reports more instead of just dismissing them i've been reporting videos where literal pedophiles are talking about raping children and tiktok passed it off as not breaking guidlines if someone can talk about raping children online without any backlash towards them from the officials then clearly something is very wrong with the app until tiktok can step up and make their app safe again i suggest now downloading this app,en,unknown,,no_indicator,77
23647542-dd39-43a9-9ce2-308e69fe6dee,Anna Minyard,"hi its mushy. I have been banned several times... for no reason😭 im 16 and it thinks im younger than 13.. THIS IS CRAZY! IM SO ANNOYED I KEEP HAVING TO MAKE ACCS AND NOW I CANT BC ""maximum number of attempts"" PLS FIX THIS I HAVENT DONE ANYTHIJG WRONG AND IM NOT SHOWING A APP VULNERABLE TO 3RD PARTY APPS MY ID 😭",2,2026-01-14 10:09:05,0,tiktok,google_play,np,2026-01-16T19:17:04.888551,False,True,False,False,False,True,hi its mushy i have been banned several times for no reason im 16 and it thinks im younger than 13 this is crazy im so annoyed i keep having to make accs and now i cant bc maximum number of attempts pls fix this i havent done anythijg wrong and im not showing a app vulnerable to 3rd party apps my id,en,teen,16.0,explicit_self,63
54dfca05-b93b-4ec6-8803-ac4e77e01884,Thea Paul,I love the app and my fyp. Maybe you guys should add an option to organize videos in collections :] + edit: y'all should definitely put a remove all reposts button if people wanna change their account to smth aesthetic 😋✌️,5,2026-01-14 10:05:42,13,tiktok,google_play,np,2026-01-16T19:17:04.888551,False,False,False,True,False,True,i love the app and my fyp maybe you guys should add an option to organize videos in collections edit y'all should definitely put a remove all reposts button if people wanna change their account to smth aesthetic,en,unknown,,no_indicator,38
c97a9b0e-2fae-44a8-ba7d-a17aa343321b,Desi Caballero,banned me for no reason n log me out n said I was under 13 im 15🤦🏾‍♀️,1,2026-01-14 07:04:14,0,tiktok,google_play,np,2026-01-16T19:17:04.888551,False,True,False,False,False,True,banned me for no reason n log me out n said i was under 13 im 15,en,teen,15.0,explicit_self,17
952e28ed-a6d4-4267-9338-63e6cd32a98a,JAVIER VAZQUEZ,dosnt let me message fue to privacy and age like I had been so young and there doin gn this to me just now like wth.,2,2026-01-14 07:03:56,0,tiktok,google_play,np,2026-01-16T19:17:04.888551,False,True,False,False,False,True,dosnt let me message fue to privacy and age like i had been so young and there doin gn this to me just now like wth,en,unknown,,no_indicator,26
82b3e795-153b-497e-b722-9299cd6a8fe9,Gaming Last,"aplikasi kebun binatang. too much ai generated content, can't be filtered",1,2026-01-14 06:52:09,0,tiktok,google_play,np,2026-01-16T19:17:04.888551,False,False,False,False,True,True,aplikasi kebun binatang too much ai generated content can't be filtered,id,unknown,,no_indicator,11
e4adc4f2-bede-40fb-927b-a1ff81ab248a,Wisdom Daniel,"I love this app it's more faster than the TikTok lite, and you can watch more offline videos without data, when you are out of data, and things have gotten my special now in my fyp",5,2026-01-14 05:54:55,0,tiktok,google_play,np,2026-01-16T19:17:04.888551,False,False,False,True,False,True,i love this app it's more faster than the tiktok lite and you can watch more offline videos without data when you are out of data and things have gotten my special now in my fyp,en,unknown,,no_indicator,36
1611e97a-81b4-48de-b4dc-91ce0251779c,Alison Lee Dash,"I'm addicted to the point of no return... I literally ""jones"" for this when my phone needs charged!! jeez lol 😂",5,2026-01-14 05:49:19,0,tiktok,google_play,np,2026-01-16T19:17:04.888551,False,False,True,False,False,True,i'm addicted to the point of no return i literally jones for this when my phone needs charged jeez lol,en,unknown,,no_indicator,20
2653511b-c725-491f-a576-4f6851abe697,Jalea Heartwell,can you please unban me I was 14 years old and I banned me please unban me my account is mira4035 it didn't let me go back at all I'm sad rn... someone fix this please..,2,2026-01-14 05:43:58,0,tiktok,google_play,np,2026-01-16T19:17:04.888551,False,True,False,False,False,True,can you please unban me i was 14 years old and i banned me please unban me my account is mira4035 it didn't let me go back at all i'm sad rn someone fix this please,en,teen,14.0,explicit_self,36
9fdef8aa-c3ac-480f-8e61-e3fa37a1a94f,Michelle,Please allow us to fix the algorithm. Just because a random video pops up on our feed for 5 seconds doesn't mean we want more videos like that reccommended on our feed.,3,2026-01-14 05:39:43,0,tiktok,google_play,np,2026-01-16T19:17:04.888551,False,False,False,True,False,True,please allow us to fix the algorithm just because a random video pops up on our feed for 5 seconds doesn't mean we want more videos like that reccommended on our feed,en,unknown,,no_indicator,32
a8712088-c013-41cc-8b8b-b515f0c8f783,Jade,the app has lost of inappropriate stuff when you look for stuff,1,2026-01-14 05:30:13,0,tiktok,google_play,np,2026-01-16T19:17:04.888551,True,False,False,False,False,True,the app has lost of inappropriate stuff when you look for stuff,en,unknown,,no_indicator,12
0caae8ea-8804-4e38-8f4a-79048fa2e296,Brian Gavette,"Steals money, show under age is set 18+. I have proof",1,2026-01-14 05:29:09,0,tiktok,google_play,np,2026-01-16T19:17:04.888551,True,False,False,False,False,True,steals money show under age is set 18 i have proof,en,unknown,,no_indicator,11
076f878b-65a2-45e3-88b4-77802b0686cb,Titus Harbinger,"repeating videos, videos that I have specifcally taghed as disliked or tags that I black listed keep appearing. all attempts at trying to stop specific videos or specific topics coming up keeps getting subverted. ill scroll for an hour, close the app, come back several hours later and several of the same videos I had seen before repeat. only happens wkth videos I didnt like this first time around.",1,2026-01-14 04:31:26,0,tiktok,google_play,np,2026-01-16T19:17:04.888551,False,False,True,False,False,True,repeating videos videos that i have specifcally taghed as disliked or tags that i black listed keep appearing all attempts at trying to stop specific videos or specific topics coming up keeps getting subverted ill scroll for an hour close the app come back several hours later and several of the same videos i had seen before repeat only happens wkth videos i didnt like this first time around,en,unknown,,no_indicator,69
e0d91968-1244-45b8-994a-4eb9ea4fdf2e,King C,clever but glitchy. won't keep any of the creators I followed. like it literally unfollowed all of the indigenous creators I followed over and over. I'm not ok with that level of interference into my preferences. I choose my own feed thank you.,2,2026-01-14 03:56:40,0,tiktok,google_play,np,2026-01-16T19:17:04.888551,False,False,False,True,False,True,clever but glitchy won't keep any of the creators i followed like it literally unfollowed all of the indigenous creators i followed over and over i'm not ok with that level of interference into my preferences i choose my own feed thank you,en,unknown,,no_indicator,43
fb6440e0-568a-4cdc-b371-2906ba28d1cf,Dustin Jones,"I absolutely love this app help me with my anxiety and my depression it likes me be myself dance to different music and post another little skits, and have fun I love it I love going live and being able to talk to my followers I love it this app you need it 100% does applets may be me it lets me be creative it also helps with my depression so much and on my way through this app I have inspired some people and that means a lot.",5,2026-01-14 02:52:02,0,tiktok,google_play,np,2026-01-16T19:17:04.888551,False,False,True,False,False,True,i absolutely love this app help me with my anxiety and my depression it likes me be myself dance to different music and post another little skits and have fun i love it i love going live and being able to talk to my followers i love it this app you need it 100 does applets may be me it lets me be creative it also helps with my depression so much and on my way through this app i have inspired some people and that means a lot,en,unknown,,no_indicator,89
e7025fe8-b217-4b58-bb72-c7b95daa9373,Ryan Jasper,"They banning people for emoji or underage when am 50, i send them passport email ticket they reply acc working go to profile bla bla but acc still suspended, they keep sending the same email , I notice is AI replies not human support for emails, I don't recommend to using this platform They say me here to help after they banned permanently account, they lying say strike account with no warning, lying help but email me doesn't apply to me this help, shame",1,2026-01-14 02:29:25,1,tiktok,google_play,np,2026-01-16T19:17:04.888551,False,True,False,False,False,True,they banning people for emoji or underage when am 50 i send them passport email ticket they reply acc working go to profile bla bla but acc still suspended they keep sending the same email i notice is ai replies not human support for emails i don't recommend to using this platform they say me here to help after they banned permanently account they lying say strike account with no warning lying help but email me doesn't apply to me this help shame,en,adult,,role_indicator,83
bbfb0e36-75d1-4471-99ce-19e529d214ad,GraceYoung,"There's literally no form of customer service besides ai in relation to any complaints or difficulties. I tried updating my age as I am 18 but it now thinks im under 16 and is rejecting my appeals to remove restrictions its now put on my account, like removing my ability to chat and send/ receive videos from others. There's nothing i can do but hope my current appeal gets accepted but it's not looking good and there's literally nothing I can do or nothing provided for me to argue my case.",1,2026-01-14 01:50:36,0,tiktok,google_play,np,2026-01-16T19:17:04.888551,False,True,False,False,True,True,there's literally no form of customer service besides ai in relation to any complaints or difficulties i tried updating my age as i am 18 but it now thinks im under 16 and is rejecting my appeals to remove restrictions its now put on my account like removing my ability to chat and send receive videos from others there's nothing i can do but hope my current appeal gets accepted but it's not looking good and there's literally nothing i can do or nothing provided for me to argue my case,en,young_adult,18.0,explicit_self,91
cb224016-5f59-4bed-8af7-6fb5e57045d3,Makeda Simmonds,nothing coming on the for you page,1,2026-01-14 01:46:45,0,tiktok,google_play,np,2026-01-16T19:17:04.888551,False,False,False,True,False,True,nothing coming on the for you page,en,unknown,,no_indicator,7
e8bfc9d0-f4f2-42ea-b212-497e0759d188,yasir bhutta,please fix my dm.My dm is temporarily blocked from sending and receiving messages.Please tiktok team fix my problem.,4,2026-01-14 01:03:21,0,tiktok,google_play,np,2026-01-16T19:17:04.888551,False,False,False,False,True,True,please fix my dm my dm is temporarily blocked from sending and receiving messages please tiktok team fix my problem,en,unknown,,no_indicator,20
996d4c91-e947-43ad-baad-13f6d38a9368,Hamza Rajpoot,Hi dear I'm a New using on TikTok Application please cheak my new official Account.... and viral All video on TikTok for you page account name so sad boys,5,2026-01-14 00:15:30,0,tiktok,google_play,np,2026-01-16T19:17:04.888551,False,False,False,True,False,True,hi dear i'm a new using on tiktok application please cheak my new official account and viral all video on tiktok for you page account name so sad boys,en,unknown,,no_indicator,29
a7db45b1-d8db-42fd-bb52-8207da27b171,Lindo Dlamini,it take five hours to install,1,2026-01-14 00:13:47,1,tiktok,google_play,np,2026-01-16T19:17:04.888551,False,False,True,False,False,True,it take five hours to install,en,unknown,,no_indicator,6
b6661b79-3779-437b-8ceb-f5d925d3a68f,Rashid Ali,"(Edit) Things have gotten much better now on my FYP.It's starting to look like as it was back in 2021 with things I actually like.occasionally,it shows others inconvenience like those from other countries,or even weird trands but it's bearable.After tapping on not interested,those types of clips rarely shows up.so good on ya",5,2026-01-13 23:13:22,1,tiktok,google_play,np,2026-01-16T19:17:04.888551,False,False,False,True,False,True,edit things have gotten much better now on my fyp it's starting to look like as it was back in 2021 with things i actually like occasionally it shows others inconvenience like those from other countries or even weird trands but it's bearable after tapping on not interested those types of clips rarely shows up so good on ya,en,unknown,,no_indicator,59
324ad271-bb57-43e1-ae2a-8f210cd4038d,Amna Khan,"a lot sexual content , please report them 😒",1,2026-01-13 22:50:20,0,tiktok,google_play,np,2026-01-16T19:17:04.888551,True,False,False,False,False,True,a lot sexual content please report them,en,unknown,,no_indicator,7
93592569-ab81-4b22-9b09-9d63db319565,Rohit Choudhary,why she block me,5,2026-01-15 19:13:56,0,instagram,google_play,np,2026-01-16T19:17:11.483789,False,False,False,False,True,True,why she block me,en,unknown,,no_indicator,4
cdbcad77-8dbf-4268-81ef-05ee48102a09,Amarjit Singh,very bad app it's shows me couple reels and it's makes me lonely and they show me why I am a loser and useless guy but thank you 💗,1,2026-01-15 19:06:15,0,instagram,google_play,np,2026-01-16T19:17:11.483789,False,False,True,False,False,True,very bad app it's shows me couple reels and it's makes me lonely and they show me why i am a loser and useless guy but thank you,en,unknown,,no_indicator,28
ea17c09b-3c0b-4c9d-9666-c234588bfcfa,Hafizullah Azad,"it is very harmful for youth, very hard to control children from using this app positively.",3,2026-01-15 18:51:13,0,instagram,google_play,np,2026-01-16T19:17:11.483789,False,True,False,False,False,True,it is very harmful for youth very hard to control children from using this app positively,en,unknown,,no_indicator,16
47f8ce48-5b28-4d79-b52a-901034cc6f7c,Irina,"This is an untisocial app, and any user can easily become a target of cybercriminals. The feed then might be very strainge: nothing a user was looking for, creepy and even disgusting. And the user will never fond out how many people accessed his/her account and for how long.",1,2026-01-15 18:24:55,0,instagram,google_play,np,2026-01-16T19:17:11.483789,False,False,False,True,False,True,this is an untisocial app and any user can easily become a target of cybercriminals the feed then might be very strainge nothing a user was looking for creepy and even disgusting and the user will never fond out how many people accessed his her account and for how long,en,unknown,,no_indicator,50
1f41185c-b6e4-4270-b3ec-03443b8ee45e,James W,Now riddled with ai porn ads. It's OK. Messaging moving to the bottom Is annoying moving create and search equally annoying. Littered with fake Profiles and people promoting of. Stop changing things that were fine.,1,2026-01-15 18:24:55,0,instagram,google_play,np,2026-01-16T19:17:11.483789,True,False,False,False,False,True,now riddled with ai porn ads it's ok messaging moving to the bottom is annoying moving create and search equally annoying littered with fake profiles and people promoting of stop changing things that were fine,en,unknown,,no_indicator,35
16809696-dc39-4ebc-bac9-67d3c008606b,Rakesh K,i don't know that my fault or not but my account accidentally block or. change password itself,3,2026-01-15 17:59:46,0,instagram,google_play,np,2026-01-16T19:17:11.483789,False,False,False,False,True,True,i don't know that my fault or not but my account accidentally block or change password itself,en,unknown,,no_indicator,17
28b99f95-0360-48d5-b47f-4ca0e6f16ca6,HERO__ BHAI,mere ko usne block kr diya ab kese uski pic dkekhu 🥲🥺,1,2026-01-15 17:58:57,0,instagram,google_play,np,2026-01-16T19:17:11.483789,False,False,False,False,True,True,mere ko usne block kr diya ab kese uski pic dkekhu,sl,unknown,,no_indicator,11
b02dec35-181c-4b04-b857-bb537061de92,jacobbell14,"Great app, with minor glitches. For a platform that revolves around imagery why does the camera quality drop so much when using the phones cameras within the app, this surely has to be a glitch and I am sure it will be sorted, but this is so annoying. The app layout keeps changing, I went to DM a friend the other day and the icon had moved to the top of the screen then the next day back at the bottom. It has done this numerous times despite updating the app to the latest version.",4,2026-01-15 17:41:13,0,instagram,google_play,np,2026-01-16T19:17:11.483789,False,True,False,False,False,True,great app with minor glitches for a platform that revolves around imagery why does the camera quality drop so much when using the phones cameras within the app this surely has to be a glitch and i am sure it will be sorted but this is so annoying the app layout keeps changing i went to dm a friend the other day and the icon had moved to the top of the screen then the next day back at the bottom it has done this numerous times despite updating the app to the latest version,en,unknown,,no_indicator,95
a0622f61-5f69-441c-875e-96aa4037bb57,Sheraz Siddique,I like this app but it took me 5 hours to just made my account BC if technical issues.,3,2026-01-15 17:29:26,0,instagram,google_play,np,2026-01-16T19:17:11.483789,False,False,True,False,False,True,i like this app but it took me 5 hours to just made my account bc if technical issues,en,unknown,,no_indicator,19
5eb7da3f-397e-4934-9b80-08981eabccc5,Divine Henry,I love Instagram so much just relax watching reels looking at beautiful photos and more with your child juice 🥤 that would be Very Amazing 😍🥤❤️,5,2026-01-15 17:17:15,0,instagram,google_play,np,2026-01-16T19:17:11.483789,False,True,False,False,False,True,i love instagram so much just relax watching reels looking at beautiful photos and more with your child juice that would be very amazing,en,unknown,,no_indicator,24
60321ca8-e29d-4876-af2c-35265f849c51,Anam Khan,i love this app because with the help of this app i can talk with my school love and see him picture very day 😋❤️,5,2026-01-15 17:14:26,0,instagram,google_play,np,2026-01-16T19:17:11.483789,False,True,False,False,False,True,i love this app because with the help of this app i can talk with my school love and see him picture very day,en,unknown,,no_indicator,24
27c99a90-a210-4112-866a-5fb989a1e855,Mansi Jain,stories sirf 15 sec tak hi lag pati hai2,4,2026-01-15 17:07:33,0,instagram,google_play,np,2026-01-16T19:17:11.483789,False,True,False,False,False,True,stories sirf 15 sec tak hi lag pati hai2,id,unknown,,no_indicator,9
1087e5d1-fdaa-45b3-aa3a-311af774f82d,Martin Ellis,any point of leaving reviews or feedback ? as you never reply or accept them,2,2026-01-15 16:50:57,1,instagram,google_play,np,2026-01-16T19:17:11.483789,False,False,False,True,False,True,any point of leaving reviews or feedback as you never reply or accept them,en,unknown,,no_indicator,14
d79eecae-ad79-42d2-a265-3acb772f0b89,Moiz Moin,feed bhout achi ha Meri 😂😭,5,2026-01-15 15:58:13,0,instagram,google_play,np,2026-01-16T19:17:11.483789,False,False,False,True,False,True,feed bhout achi ha meri,en,unknown,,no_indicator,5
73f43fa1-f50d-4e7c-a858-61aded443f97,Aditya B Raj,The worst application that teenagers can have in their life.... I request team instagram to allow only 18+ users,1,2026-01-15 15:52:41,0,instagram,google_play,np,2026-01-16T19:17:11.483789,True,True,False,False,False,True,the worst application that teenagers can have in their life i request team instagram to allow only 18 users,en,teen,,role_indicator,19
65ddc335-50b2-411a-b897-31d107fdf19f,Shivi Gupta,My personal account and my daughter's account has been unable to login please help me,4,2026-01-15 15:40:24,0,instagram,google_play,np,2026-01-16T19:17:11.483789,False,True,False,False,False,True,my personal account and my daughter's account has been unable to login please help me,en,parent,,role_indicator,15
467c62c2-fc24-4eb7-a0be-d32c06015add,mark nathan,"Ads ruin the experience or show adds I like to see, no way to restart adds, not interested doesn't work, blocking specific ads don't work, reporting ads doesn't work, trying to search with third-party ads or different apps doesn't work, uninstalling the app doesn't work, deactivating account and waiting for a couple weeks before activating account again doesn't work, unlinking accounts doesn't work. Even search on the Instagram/Google for solutions doesn't help at all. Other than that, good.",1,2026-01-15 15:27:19,0,instagram,google_play,np,2026-01-16T19:17:11.483789,False,False,False,False,True,True,ads ruin the experience or show adds i like to see no way to restart adds not interested doesn't work blocking specific ads don't work reporting ads doesn't work trying to search with third party ads or different apps doesn't work uninstalling the app doesn't work deactivating account and waiting for a couple weeks before activating account again doesn't work unlinking accounts doesn't work even search on the instagram google for solutions doesn't help at all other than that good,en,adult,,role_indicator,80
8f99cfa8-5203-44e2-996b-881fbe8a7b7b,Tsumi Phagami,quite good but gotta do sum bout the algorithm,4,2026-01-15 15:27:11,0,instagram,google_play,np,2026-01-16T19:17:11.483789,False,False,False,True,False,True,quite good but gotta do sum bout the algorithm,en,unknown,,no_indicator,9
2cf2325f-c724-4833-88ac-b5fe0a9069b3,The_Oggy_ YT,mannn fix ur algorithm!! don't suggest me reels I'm skipping my feed is filled with trash .. pls pay attention on my liked reels and suggest me according to my interest plsss,2,2026-01-15 15:09:57,1,instagram,google_play,np,2026-01-16T19:17:11.483789,False,False,False,True,False,True,mannn fix ur algorithm don't suggest me reels i'm skipping my feed is filled with trash pls pay attention on my liked reels and suggest me according to my interest plsss,en,unknown,,no_indicator,31
5f48b7fb-5fc4-4293-80e7-5bd2ee71673a,ameen slaiby,I hate reels and explore,1,2026-01-15 14:59:49,0,instagram,google_play,np,2026-01-16T19:17:11.483789,False,False,False,True,False,True,i hate reels and explore,en,unknown,,no_indicator,5
3a4fbb01-0bd2-4df7-a0e0-5b68e1812735,SHAURYA PATEL,"Instagram Android app is broken on Samsung devices. • Login works on PC but not on phone • Phone number linked to multiple accounts causes login failure • App shows “Sorry, something went wrong” • Play Store sometimes says incompatible version already installed • App installs instantly, indicating preloaded/system conflict Device: Samsung Galaxy S25 Ultra Android 16 / One UI 8.5 beta Please fix Android login and account selection bugs.",1,2026-01-15 14:58:04,0,instagram,google_play,np,2026-01-16T19:17:11.483789,False,True,False,False,False,True,instagram android app is broken on samsung devices login works on pc but not on phone phone number linked to multiple accounts causes login failure app shows sorry something went wrong play store sometimes says incompatible version already installed app installs instantly indicating preloaded system conflict device samsung galaxy s25 ultra android 16 one ui 8 5 beta please fix android login and account selection bugs,en,adult,,role_indicator,66
eb577b2e-c1fc-44e8-9a55-63146a0ef57f,Aniket Gautam,instagra is a social media platform and most good aap but some people are wrong to use and children very carefully this aap because hi can habbit,3,2026-01-15 14:37:24,0,instagram,google_play,np,2026-01-16T19:17:11.483789,False,True,False,False,False,True,instagra is a social media platform and most good aap but some people are wrong to use and children very carefully this aap because hi can habbit,en,unknown,,no_indicator,27
a83b4408-d0eb-460a-a471-db990d73beb8,Battini Pardhu,"Instagram app is very use ful, it has a good feed, but please provide the world's best reel scroller award, I will be on the top😅😅😅.",5,2026-01-15 14:19:43,0,instagram,google_play,np,2026-01-16T19:17:11.483789,False,False,False,True,False,True,instagram app is very use ful it has a good feed but please provide the world's best reel scroller award i will be on the top,en,unknown,,no_indicator,26
ad8c0b6f-f13d-4186-a315-a6681fd465ba,Bipul Dalui,please help me Instagram my uploaded not reach and views gain please send refer my all videos in Instagram please send all insta profile my real. please Mera Dil har Kisi ke pass pahunchna chahie Aisa algorithm ke sath banaa do Mera Dil har Kisi ke pass Jana chahie. main apna har EK Dil Se banata hoon rail please Instagram my real send all insta ID,5,2026-01-15 12:54:54,0,instagram,google_play,np,2026-01-16T19:17:11.483789,False,False,False,True,False,True,please help me instagram my uploaded not reach and views gain please send refer my all videos in instagram please send all insta profile my real please mera dil har kisi ke pass pahunchna chahie aisa algorithm ke sath banaa do mera dil har kisi ke pass jana chahie main apna har ek dil se banata hoon rail please instagram my real send all insta id,en,unknown,,no_indicator,66
40a5a858-da4c-481e-9fa7-209fa9cac61d,C D,"They changed the minimum daily advertising cost from £1 to £3,completely blocking out a huge amount of business, of course I'm not going to be paying 90 pounds per month, 30 was more than enough. Tripling the cost is a crazy way to run business 💩",1,2026-01-15 12:53:31,1,instagram,google_play,np,2026-01-16T19:17:11.483789,False,False,False,False,True,True,they changed the minimum daily advertising cost from 1 to 3 completely blocking out a huge amount of business of course i'm not going to be paying 90 pounds per month 30 was more than enough tripling the cost is a crazy way to run business,en,unknown,,no_indicator,46
e7a38688-8943-4102-929c-d5df503c25b7,Inderpal Singh,Instagram 🤣 name change karna nahe data 14 din sa pahle,1,2026-01-15 12:11:47,0,instagram,google_play,np,2026-01-16T19:17:11.483789,False,True,False,False,False,True,instagram name change karna nahe data 14 din sa pahle,tl,unknown,,no_indicator,10
f9f2867c-94ab-45c3-8ac6-af330bbc60b4,Garvar Bilwal,"This app takes my entire time due to addiction, the addiction is real for everyone, when you're watching for entertainment or knowledge content, but I suggest that, don't give your precious time to this app, and focus on yourself",1,2026-01-15 12:06:32,0,instagram,google_play,np,2026-01-16T19:17:11.483789,False,False,True,False,False,True,this app takes my entire time due to addiction the addiction is real for everyone when you're watching for entertainment or knowledge content but i suggest that don't give your precious time to this app and focus on yourself,en,unknown,,no_indicator,39
d3addda0-f36c-462b-b4d7-3e125627fc0a,Harsha venkat naidu Nitta,Don't download always saying couldn't refer feed and always going back,1,2026-01-15 12:01:08,0,instagram,google_play,np,2026-01-16T19:17:11.483789,False,False,False,True,False,True,don't download always saying couldn't refer feed and always going back,en,unknown,,no_indicator,11
a5c28742-381e-4b8e-a0e8-acd112cda521,Jibel Chowdhury,"in my account @c.jibel even though it have age more 18+ but still i don't have ""more"" sensitive content option. and my account always get late update and new features",1,2026-01-15 12:00:01,0,instagram,google_play,np,2026-01-16T19:17:11.483789,True,False,False,False,False,True,in my account jibel even though it have age more 18 but still i don't have more sensitive content option and my account always get late update and new features,en,unknown,,no_indicator,30
054ba279-025e-43db-91d0-06ee5245d651,Ashim Das,"Worst app ever , don't even download , continuously they will suspended your account without any clarification while they have too much community guidelines for genuine users and don't have any restriction for adult content users then why they are here in India for business . Such a bul sheet app don't use this Facebook was better then this . In last 7 days my 17 friends user id suspended . Instagram don't have any proper guidelines , they will ban you with the basis of such cheap banner .",1,2026-01-15 11:37:42,0,instagram,google_play,np,2026-01-16T19:17:11.483789,True,False,False,False,True,True,worst app ever don't even download continuously they will suspended your account without any clarification while they have too much community guidelines for genuine users and don't have any restriction for adult content users then why they are here in india for business such a bul sheet app don't use this facebook was better then this in last 7 days my 17 friends user id suspended instagram don't have any proper guidelines they will ban you with the basis of such cheap banner,en,unknown,,no_indicator,83
e1eb2d31-afbf-4c2d-815c-5c247a963aca,T.C. Wade,"🗣️""THIS app is outstanding ‼️ if you love action and Staying informed with the latest news, THIS is the place to be ‼️ it keeps me in close contact with family and friends perfectly 🔴 As a Digital Creator on here, I try to have something for everyone- STOP 🛑 BY and see the action for yourself ‼️ THIS App Is Highly Recommended""‼️",5,2026-01-15 11:14:15,0,instagram,google_play,np,2026-01-16T19:17:11.483789,False,False,False,True,False,True,this app is outstanding if you love action and staying informed with the latest news this is the place to be it keeps me in close contact with family and friends perfectly as a digital creator on here i try to have something for everyone stop by and see the action for yourself this app is highly recommended,en,unknown,,no_indicator,58
9061863c-454f-4ee5-9c37-5588dc0c9c08,Isaac Michael,I love that I can add both of my accounts together but wish that there was a feature to merge them completely or get my old high-school account back because of how many photos I have on it..,5,2026-01-15 10:53:18,0,instagram,google_play,np,2026-01-16T19:17:11.483789,False,True,False,False,False,True,i love that i can add both of my accounts together but wish that there was a feature to merge them completely or get my old high school account back because of how many photos i have on it,en,unknown,,no_indicator,39
87d60865-1ec3-4b99-a0fe-d56fea7e405d,Konain Ishfaq,This is really smooth app forever I really enjoy to use this app specially reels I am addicted to this there's a lot of useful material in this app and creative things,5,2026-01-15 10:43:10,0,instagram,google_play,np,2026-01-16T19:17:11.483789,False,False,True,False,False,True,this is really smooth app forever i really enjoy to use this app specially reels i am addicted to this there's a lot of useful material in this app and creative things,en,unknown,,no_indicator,32
7301cc58-63f5-48a3-8508-84f0830798d8,Amar chand,Tarsam gujjar 15,5,2026-01-15 19:11:14,0,youtube,google_play,np,2026-01-16T19:17:19.513862,False,True,False,False,False,True,tarsam gujjar 15,id,unknown,,no_indicator,3
b613011b-bb3c-467f-b592-faddbae16519,Charles Kellogg,"This was once one of the best websites on the internet. It's hardly usable anymore. Increasing numbers of ads, injecting ads into the middle of videos, disallowing blocking of advertisers, no longer allowing sorting by date. None of this improves user experience.",1,2026-01-15 18:57:27,0,youtube,google_play,np,2026-01-16T19:17:19.513862,False,False,False,False,True,True,this was once one of the best websites on the internet it's hardly usable anymore increasing numbers of ads injecting ads into the middle of videos disallowing blocking of advertisers no longer allowing sorting by date none of this improves user experience,en,unknown,,no_indicator,42
f4a6632a-302a-4721-af63-03c47e78cdac,Justin Wright,I TRY TO UPLOAD A 15 MINUTE VIDEO OF ME PLAYING SPELLING BEE AND IT MAKES ME VERIFY MY PHONE NUMBER BRO WTH,1,2026-01-15 17:38:28,0,youtube,google_play,np,2026-01-16T19:17:19.513862,False,True,False,False,False,True,i try to upload a 15 minute video of me playing spelling bee and it makes me verify my phone number bro wth,en,unknown,,no_indicator,23
35635a2f-0d3d-439d-8813-1b4ff2a5993c,Ingrid J,"Lately YouTube has been acting glitchy. When I scroll down to see all videos in my recommended feed, it does not show me all the videos. It stops halfway, even with the update. Don't understand what is happening. It's getting annoying",3,2026-01-15 17:29:40,0,youtube,google_play,np,2026-01-16T19:17:19.513862,False,False,False,True,False,True,lately youtube has been acting glitchy when i scroll down to see all videos in my recommended feed it does not show me all the videos it stops halfway even with the update don't understand what is happening it's getting annoying,en,unknown,,no_indicator,41
fd4a01c7-1382-4031-91a8-48dd791969eb,Alyson Besas,Its fun but it can use some updates they are 1 instantly removing haters 2 making the like and dislike button bigger 3 identifying if kid or not in the youtube kids because if you don't then some weird adults would speard 18+ well youtube is actually pretty cool i like it,4,2026-01-15 16:06:38,0,youtube,google_play,np,2026-01-16T19:17:19.513862,True,True,False,False,False,True,its fun but it can use some updates they are 1 instantly removing haters 2 making the like and dislike button bigger 3 identifying if kid or not in the youtube kids because if you don't then some weird adults would speard 18 well youtube is actually pretty cool i like it,en,unknown,,no_indicator,52
6f5e3aab-5f0b-4102-907a-7265f5bf2230,anjuman nayla,can I block channels please,5,2026-01-15 14:25:00,0,youtube,google_play,np,2026-01-16T19:17:19.513862,False,False,False,False,True,True,can i block channels please,en,unknown,,no_indicator,5
367054c2-fe1b-42fd-983c-0b4892a33176,Just your average four fingered friend,"Disapointed in the last update, it has reduced the filter settings to either relevance or populer. This means that smaller channels wont be seen and may have no chance to catch up with already pre established bias media. Everything on all google platforms have become an ad now.",1,2026-01-15 14:23:02,1,youtube,google_play,np,2026-01-16T19:17:19.513862,False,False,False,False,True,True,disapointed in the last update it has reduced the filter settings to either relevance or populer this means that smaller channels wont be seen and may have no chance to catch up with already pre established bias media everything on all google platforms have become an ad now,en,unknown,,no_indicator,48
ad5fb054-7ce7-4cf6-973e-12762c4c78e8,Mira Bhattarai,"“I have become very disappointed and angry after seeing so many YouTube ads. Does everything really run only on sponsors and money? Don’t turn YouTube into such a heavy ad marketplace — YouTube has already deteriorated a lot. Even though Facebook and Instagram already have many ads, there are also way too many porn-related ads. So, I don’t think it’s appropriate to give a 5-star rating. If this continues, it won’t even deserve a 1-star rating.”",1,2026-01-15 13:54:56,0,youtube,google_play,np,2026-01-16T19:17:19.513862,True,False,False,False,False,True,i have become very disappointed and angry after seeing so many youtube ads does everything really run only on sponsors and money don t turn youtube into such a heavy ad marketplace youtube has already deteriorated a lot even though facebook and instagram already have many ads there are also way too many porn related ads so i don t think it s appropriate to give a 5 star rating if this continues it won t even deserve a 1 star rating,en,unknown,,no_indicator,82
ebcc21d6-e107-498c-8e43-b1124a0a508d,Bidipta Mondal,Youtube ✖️ Youad ✔️ 1 video but 15 ads,1,2026-01-15 13:51:16,0,youtube,google_play,np,2026-01-16T19:17:19.513862,False,True,False,False,False,True,youtube youad 1 video but 15 ads,en,unknown,,no_indicator,7
1e0cecec-02c2-4a97-92fe-337c05e409a6,Mr DBH,"Removing the ""upload date"" filter from advanced search results makes the app almost unusable for important information discovery. Disgraceful.",1,2026-01-15 12:47:53,0,youtube,google_play,np,2026-01-16T19:17:19.513862,False,False,False,True,True,True,removing the upload date filter from advanced search results makes the app almost unusable for important information discovery disgraceful,en,unknown,,no_indicator,19
cb45e50f-d1bb-45ed-9baa-76129d4a21ee,James Botkin,"Slow, clunky and barely works... in 2025. Tries too hard to stop my ad blocker. loads faster as a web page in a browser.",1,2026-01-15 12:04:45,0,youtube,google_play,np,2026-01-16T19:17:19.513862,False,False,False,False,True,True,slow clunky and barely works in 2025 tries too hard to stop my ad blocker loads faster as a web page in a browser,en,adult,,role_indicator,24
13e6d9d3-2e5a-499d-aea7-e8df2c51ad90,Danny Astourian,"You Failed to Comply Restrictions, Ban All Unskippable Spamming Ambushing Ads Videos, Due to Child Safety Concern Situation and Turning Mini Player back On, Way Too Inappropriate, The Ads AI has gone Rogue or AWOL or Worse Both, any Resistance will be Arrested Immediately, Guilty ⚠️🚨🚔",1,2026-01-15 11:44:30,100,youtube,google_play,np,2026-01-16T19:17:19.513862,True,True,False,False,True,True,you failed to comply restrictions ban all unskippable spamming ambushing ads videos due to child safety concern situation and turning mini player back on way too inappropriate the ads ai has gone rogue or awol or worse both any resistance will be arrested immediately guilty,en,unknown,,no_indicator,45
96a49d2b-de5c-4782-96e8-0f0168a1e371,Lata Khandekar,Best for kids and educational purpose,5,2026-01-15 11:43:46,0,youtube,google_play,np,2026-01-16T19:17:19.513862,False,True,False,False,False,True,best for kids and educational purpose,en,unknown,,no_indicator,6
93b31bd5-f930-4348-b21f-83ce21bb6cbd,Raghuvar Vasudev,"If a zero star rating were possible, I would do so. The ads experience (atrocious), browsing experience, watching experience, resolution selection, even offline video download options are borked. The app is also a drain on battery and mobile data. I now browse youtube on mobile in a web-browser instead. I advise others to do the same. You get the options of ad blocking and background play; reduced battery drain and data usage as well when compared to the app.",1,2026-01-15 10:13:56,0,youtube,google_play,np,2026-01-16T19:17:19.513862,False,False,False,False,True,True,if a zero star rating were possible i would do so the ads experience atrocious browsing experience watching experience resolution selection even offline video download options are borked the app is also a drain on battery and mobile data i now browse youtube on mobile in a web browser instead i advise others to do the same you get the options of ad blocking and background play reduced battery drain and data usage as well when compared to the app,en,unknown,,no_indicator,80
02ffeed8-80df-40b6-80d0-5ee4f60d3067,AYUSH KUMAR,"YouTube is the worst platform. adds are too much. although I am paying for YouTube premium. it's shoot expensive. It should've been cheaper, like 20 cents or so, per month. And YouTube, pls give an option to completely block YouTube Shorts!!!",1,2026-01-15 09:56:15,2,youtube,google_play,np,2026-01-16T19:17:19.513862,False,False,False,False,True,True,youtube is the worst platform adds are too much although i am paying for youtube premium it's shoot expensive it should've been cheaper like 20 cents or so per month and youtube pls give an option to completely block youtube shorts,en,unknown,,no_indicator,41
f4321598-c136-4238-954d-c083e3c97bf6,Girish Shrikhande,when we start restricted mode comments are disabled. please change this and we should be able to comment even in restricted mode,3,2026-01-15 09:32:23,1,youtube,google_play,np,2026-01-16T19:17:19.513862,False,False,False,False,True,True,when we start restricted mode comments are disabled please change this and we should be able to comment even in restricted mode,en,unknown,,no_indicator,22
84285497-a5fd-411a-bc3b-3d196362dc9b,Christian,"really age verification for a puppet show but then I watch @SMLSanta and I hear the song g saying "" Gonna squirt."" IM PISSED OFF YOUTUBE!!!",1,2026-01-15 09:16:33,0,youtube,google_play,np,2026-01-16T19:17:19.513862,False,False,False,False,True,True,really age verification for a puppet show but then i watch and i hear the song g saying gonna squirt im pissed off youtube,en,unknown,,no_indicator,24
1e2308f3-7145-4d12-80c4-af39061bdac8,william perry,"It's amazing how youtube will block your comments on a video for certain language. But the creators of the video can use any type of language they want. 1 star for censorship. Basically, youtube is only useful for music videos and some ""how to"" uploads.",1,2026-01-15 08:23:11,1,youtube,google_play,np,2026-01-16T19:17:19.513862,False,False,False,False,True,True,it's amazing how youtube will block your comments on a video for certain language but the creators of the video can use any type of language they want 1 star for censorship basically youtube is only useful for music videos and some how to uploads,en,unknown,,no_indicator,45
1284c754-dfb8-45fe-9b90-3b796bb23483,Larry Bird,PLEASE give us a Ai filter to stop the Ridiculous amount of pointless Ai rubbish!!.. PLEASE.....make Youtube great again.🤞🏻🤞🏻,1,2026-01-15 08:07:03,0,youtube,google_play,np,2026-01-16T19:17:19.513862,False,False,False,False,True,True,please give us a ai filter to stop the ridiculous amount of pointless ai rubbish please make youtube great again,en,unknown,,no_indicator,20
7458aa79-eeaa-464b-8670-edc4fca39f99,Craig Hoosier,"youtube has been awesome for years, Im just sick of seeing sexual ads",5,2026-01-15 07:30:19,0,youtube,google_play,np,2026-01-16T19:17:19.513862,True,False,False,False,False,True,youtube has been awesome for years im just sick of seeing sexual ads,en,unknown,,no_indicator,13
4f10aa42-a86f-4f08-95b0-eb72990b8a95,Shirley Pontius,It's been crashing repeatedly all day. I can't play more than 2 videos without it crashing.,1,2026-01-15 07:16:19,773,youtube,google_play,np,2026-01-16T19:17:19.513862,False,False,True,False,False,True,it's been crashing repeatedly all day i can't play more than 2 videos without it crashing,en,unknown,,no_indicator,16
6a6884fb-47c3-490a-b144-2b332044a468,SETxAPART,"YT's atrocious TV app, where the ads are tripled, has forced me to resort to using an ad blocker. I didn't mind the ads at the beginning or end of a video, but they are now shoved in the middle of videos on top of that - LONG ads. Get yourself an ad blocker, grab a USB-C or A to HDMI cable, hook to phone and tv, and then bypass this nonsense. Google's greediness is now going to cost both them, and sadly, the content creators, of whom YT is NOTHING without them/us.",1,2026-01-15 06:44:35,1,youtube,google_play,np,2026-01-16T19:17:19.513862,False,False,False,False,True,True,yt's atrocious tv app where the ads are tripled has forced me to resort to using an ad blocker i didn't mind the ads at the beginning or end of a video but they are now shoved in the middle of videos on top of that long ads get yourself an ad blocker grab a usb c or a to hdmi cable hook to phone and tv and then bypass this nonsense google's greediness is now going to cost both them and sadly the content creators of whom yt is nothing without them us,en,unknown,,no_indicator,94
a0645714-9b3f-4179-aca4-0a09dcf05fb3,איתי לוי,"such a bad app. useless AI getting shoved EVERYWHERE, with no ""do you WANT AI?"" even asked once, and no clear removal process. TONS of ads, with seemingly no monitoring/approval process for them. they are very often sexually charged AI ads, sometimes promoting unconsensual porongraphic AI use on people. reporting them doesn't lead to ANYTHING. this is sad... i grew up on youtube, i hate the state it's in today. the only good thing i can say is ""It used to be good"". 1/10, do not recommend.",1,2026-01-15 06:43:21,1,youtube,google_play,np,2026-01-16T19:17:19.513862,True,False,False,False,False,True,such a bad app useless ai getting shoved everywhere with no do you want ai even asked once and no clear removal process tons of ads with seemingly no monitoring approval process for them they are very often sexually charged ai ads sometimes promoting unconsensual porongraphic ai use on people reporting them doesn't lead to anything this is sad i grew up on youtube i hate the state it's in today the only good thing i can say is it used to be good 1 10 do not recommend,en,unknown,,no_indicator,89
72b1a35b-381f-4569-85e6-8dcb0fac8405,Evan Dacco,Recently removed the filter to search by upload date. That is unethical information censorship/control. And now can only see ai slop when searching. Youtube clearly dislikes integrity and logic.,1,2026-01-15 06:07:02,3,youtube,google_play,np,2026-01-16T19:17:19.513862,False,False,False,False,True,True,recently removed the filter to search by upload date that is unethical information censorship control and now can only see ai slop when searching youtube clearly dislikes integrity and logic,en,unknown,,no_indicator,30
05d0c2ca-cdef-4621-9a45-e91581fdd2c5,maggie morrett,it helped me research things my grand kids like and find entertainment but it's kinda stupid with the new update and a lot more ads (this is definitely not her grandson impersonating her),4,2026-01-15 06:05:32,1,youtube,google_play,np,2026-01-16T19:17:19.513862,False,True,False,False,False,True,it helped me research things my grand kids like and find entertainment but it's kinda stupid with the new update and a lot more ads this is definitely not her grandson impersonating her,en,unknown,,no_indicator,33
11bcd26e-ec1c-4db1-90e5-a3cb5a738064,Nickname,too much inappropriate ads,1,2026-01-15 18:44:03,0,facebook,google_play,np,2026-01-16T19:17:26.250549,True,False,False,False,False,True,too much inappropriate ads,it,unknown,,no_indicator,4
54204ec8-69dc-4f63-80d2-eb3674851cfd,Yher Gamerz,"it's suspend my account and disabled Hello Facebook Team, My Facebook account was suspended by mistake. I always follow Facebook's Community Standards and believe this was an error. I use this account for personal communication with my family and friends, also in school matters, so I would really appreciate your help in recovering it",1,2026-01-15 18:42:43,0,facebook,google_play,np,2026-01-16T19:17:26.250549,False,True,False,False,False,True,it's suspend my account and disabled hello facebook team my facebook account was suspended by mistake i always follow facebook's community standards and believe this was an error i use this account for personal communication with my family and friends also in school matters so i would really appreciate your help in recovering it,en,unknown,,no_indicator,54
63c20caa-5db6-48d3-8928-3f36edfcd20c,A Google user,"every single ad is porn, even had one for an AI bot to make stuff of children. report it and Facebook does nothing, guess the money is more important.",1,2026-01-15 18:06:09,3,facebook,google_play,np,2026-01-16T19:17:26.250549,True,True,False,False,False,True,every single ad is porn even had one for an ai bot to make stuff of children report it and facebook does nothing guess the money is more important,en,unknown,,no_indicator,29
ca0ccc6c-deb4-47c9-babc-20e2fffd0c5c,Riyasat ali,"Subject Request for Re-review of Page Recommendation Hello Facebook Team, My Page “filmy andaaz.” has been restricted from recommendations for some time. I have already deleted all previous videos that may have caused the issue. I am now posting only original content and fully following Facebook Recommendation Guidelines. I believe my Page now complies with all policies. Please review my Page again and consider restoring recommendations. Thank you for your time. — filmy andaaz.",5,2026-01-15 17:47:54,0,facebook,google_play,np,2026-01-16T19:17:26.250549,False,False,False,False,True,True,subject request for re review of page recommendation hello facebook team my page filmy andaaz has been restricted from recommendations for some time i have already deleted all previous videos that may have caused the issue i am now posting only original content and fully following facebook recommendation guidelines i believe my page now complies with all policies please review my page again and consider restoring recommendations thank you for your time filmy andaaz,en,unknown,,no_indicator,74
a57ccfaa-201f-4ab3-a9a7-bb5f53bf12e8,neiljohn hechanova,the only thing on my phone when i installed this is there's a random reels playing even though I'm on my news feed commenting on a photo,5,2026-01-15 17:24:47,0,facebook,google_play,np,2026-01-16T19:17:26.250549,False,False,False,True,False,True,the only thing on my phone when i installed this is there's a random reels playing even though i'm on my news feed commenting on a photo,en,unknown,,no_indicator,27
54f3d88c-b470-4643-a95b-7747add924b5,Bill songs,hate to see you go love watching you play a TRUE SUPPER STAR!! and im 78 years old,5,2026-01-15 16:54:23,0,facebook,google_play,np,2026-01-16T19:17:26.250549,False,True,False,False,False,True,hate to see you go love watching you play a true supper star and im 78 years old,en,older_adult,78.0,explicit_self,18
74c550f2-fe21-4bcd-9adf-738988d0022c,Eaglesmed pet supplies Trading,Highly Recommended.,5,2026-01-15 16:54:10,0,facebook,google_play,np,2026-01-16T19:17:26.250549,False,False,False,True,False,True,highly recommended,en,unknown,,no_indicator,2
98bfabc4-b81c-43ce-ba37-18f7e1e46654,Surya,it shows the adult one i wont need,1,2026-01-15 16:03:18,0,facebook,google_play,np,2026-01-16T19:17:26.250549,True,False,False,False,False,True,it shows the adult one i wont need,en,unknown,,no_indicator,8
5b41e823-7594-4d4c-97a1-dd22d0bff870,Shane,"a really poor piece of software, unintuitive, difficult to find things, shortcuts just appear then disappear. you have to click through all sorts of rubbish to get where your going. it looks through your phone contacts and then suggests you add people to friends. urrgh I could go on for hours.",2,2026-01-15 16:02:15,0,facebook,google_play,np,2026-01-16T19:17:26.250549,False,False,True,False,False,True,a really poor piece of software unintuitive difficult to find things shortcuts just appear then disappear you have to click through all sorts of rubbish to get where your going it looks through your phone contacts and then suggests you add people to friends urrgh i could go on for hours,en,unknown,,no_indicator,51
f3bf4fa1-99f1-4c9c-a8aa-7f85de91419b,Tiberiu Costea,"Since the last update you can no longer search for something using the filters from the past, you see posts from India instead of searching locally. A mess of an update.",1,2026-01-15 14:53:02,0,facebook,google_play,np,2026-01-16T19:17:26.250549,False,False,False,False,True,True,since the last update you can no longer search for something using the filters from the past you see posts from india instead of searching locally a mess of an update,en,unknown,,no_indicator,31
17afda29-02b5-4c8d-aaa7-6a4e087673b6,Gabriel Laquian,"This app lacks transparency; banned without context and no violation. I have satisfyingly used this app pre-Meta for 13 years. Yet once it was replaced with impracticality, mass-bans occured regarding Meta's detection system. This app has degraded from its peak. Now, not only was it impractical, your connection, your opportunities are challenged due to ""account integrity,"" etc.",1,2026-01-15 11:32:27,0,facebook,google_play,np,2026-01-16T19:17:26.250549,False,True,False,False,False,True,this app lacks transparency banned without context and no violation i have satisfyingly used this app pre meta for 13 years yet once it was replaced with impracticality mass bans occured regarding meta's detection system this app has degraded from its peak now not only was it impractical your connection your opportunities are challenged due to account integrity etc,en,unknown,,no_indicator,59
71f77c70-c865-4771-b12b-9227f2578b41,Suvash Raut,great way to explore world and your self❤,5,2026-01-15 11:11:01,0,facebook,google_play,np,2026-01-16T19:17:26.250549,False,False,False,True,False,True,great way to explore world and your self,en,unknown,,no_indicator,8
34ea594c-1359-4ef4-9938-ef0abf4266e6,Hirok Ahmed,"Dear Facebook Support Team, ​I am writing to appeal a decision regarding my profile recommendation status, which is currently showing ""Growth at Risk"" due to a recent content removal. ​A video I posted was removed for ""Child Nudity."" I respectfully disagree with this classification. The video was intended to share innocent childhood memories and cultural nostalgia. It depicts everyday village life and does not violate the spirit of your community standards regarding child exploitation or abuse.",5,2026-01-15 09:06:28,0,facebook,google_play,np,2026-01-16T19:17:26.250549,True,True,False,False,False,True,dear facebook support team i am writing to appeal a decision regarding my profile recommendation status which is currently showing growth at risk due to a recent content removal a video i posted was removed for child nudity i respectfully disagree with this classification the video was intended to share innocent childhood memories and cultural nostalgia it depicts everyday village life and does not violate the spirit of your community standards regarding child exploitation or abuse,en,unknown,,no_indicator,76
0ce09d3a-f505-4fa0-9dae-532eadd117a5,Natasha B,"insanely buggy, constant errors. i literally got an error trying to submit a bug report, which is hilariously sad. the moderation and algorithm are horrible, constantly restricting human content while allowing ai/scams/other garbage to run rampant on the platform.",1,2026-01-15 08:56:56,0,facebook,google_play,np,2026-01-16T19:17:26.250549,False,False,False,True,True,True,insanely buggy constant errors i literally got an error trying to submit a bug report which is hilariously sad the moderation and algorithm are horrible constantly restricting human content while allowing ai scams other garbage to run rampant on the platform,en,unknown,,no_indicator,41
3ac25240-9c1a-41c3-97a4-bea23842efd0,Sukhpal Singh,Hello! facebook's creator's I am writing this review to a very dirty thing when we are scrawling the reels some times some 18+ things or photos comes and I am requesting you to delete the videos or images that are 18+ because if any child were seeing facebook with their parents and dirty video come you can't expect what impression efect on the child so by request delete this images or photos that come on Facebook please make facebook family friendly because on Facebook very things are there,1,2026-01-15 08:08:27,0,facebook,google_play,np,2026-01-16T19:17:26.250549,True,True,False,False,False,True,hello facebook's creator's i am writing this review to a very dirty thing when we are scrawling the reels some times some 18 things or photos comes and i am requesting you to delete the videos or images that are 18 because if any child were seeing facebook with their parents and dirty video come you can't expect what impression efect on the child so by request delete this images or photos that come on facebook please make facebook family friendly because on facebook very things are there,en,unknown,,no_indicator,88
d64b2c90-3de9-4f9a-9428-96b6b76dff78,Evelyn Lynna,social media favourite Saya!Banyak filter yang berguna👍👍👍,5,2026-01-15 06:56:17,0,facebook,google_play,np,2026-01-16T19:17:26.250549,False,False,False,False,True,True,social media favourite saya banyak filter yang berguna,id,unknown,,no_indicator,8
c60fe553-9ae1-4e6f-bd76-abcd61d1b14a,Scott Smart,"Made it so you have to go into the comments to read articles, and then, it loses your place in your feed so you spend minutes and minutes scrolling to get back to where you were. Use a computer.",1,2026-01-15 06:44:30,0,facebook,google_play,np,2026-01-16T19:17:26.250549,False,False,False,True,False,True,made it so you have to go into the comments to read articles and then it loses your place in your feed so you spend minutes and minutes scrolling to get back to where you were use a computer,en,unknown,,no_indicator,39
a47cded2-ccd2-4575-a621-cf7fbfa27e90,Wedang Gaming,"feed auto refresh is too bad. I'm always enjoying reading and when I scroll a little, what I'm reading disappears",1,2026-01-15 06:33:46,1,facebook,google_play,np,2026-01-16T19:17:26.250549,False,False,False,True,False,True,feed auto refresh is too bad i'm always enjoying reading and when i scroll a little what i'm reading disappears,en,unknown,,no_indicator,20
c1c4ec66-38e5-400b-bc2e-d2b41fa3f9a9,Devine Alonzo,"I can't even view some photos in news feed even if I have data , it always white screen I see",2,2026-01-15 06:22:23,0,facebook,google_play,np,2026-01-16T19:17:26.250549,False,False,False,True,False,True,i can't even view some photos in news feed even if i have data it always white screen i see,en,unknown,,no_indicator,20
dfa0e64a-a696-491b-a563-d9a2514ab1f3,Linda Zato,"Facebook doesn't respond to reviews or feedback on the actual app so what's the point. Flattery or complaint the point is moot so for venting my experience for others to heed. Facebook now handles the cross platform games that were in messenger. Some of the games glitch, crash or won't load altogether (just the maddening loading circles) dominoes battle server has been down for 3 days and it says connection error. Please fix this",3,2026-01-15 05:32:25,95,facebook,google_play,np,2026-01-16T19:17:26.250549,False,False,False,True,False,True,facebook doesn't respond to reviews or feedback on the actual app so what's the point flattery or complaint the point is moot so for venting my experience for others to heed facebook now handles the cross platform games that were in messenger some of the games glitch crash or won't load altogether just the maddening loading circles dominoes battle server has been down for 3 days and it says connection error please fix this,en,unknown,,no_indicator,74
ad266d79-6cc6-4136-af6d-956e511a091b,Dennis Alemania,"""Wow, the Facebook app keeps upgrading its features 🤯. Sometimes it's confusing but overall, it's still solid for connecting with friends 😊. My newsfeed is all drama lately, maybe I need to adjust 🤣""",5,2026-01-15 04:48:29,1,facebook,google_play,np,2026-01-16T19:17:26.250549,False,False,False,True,False,True,wow the facebook app keeps upgrading its features sometimes it's confusing but overall it's still solid for connecting with friends my newsfeed is all drama lately maybe i need to adjust,en,unknown,,no_indicator,31
c8d75a9f-835d-457e-82ae-2c2785f8b889,John Pinegar,Since for 2 months now I have been trying to get help with an issue which is if I send more than one friend request I get a pop up saying Facebook limits things like that to protect the community. I don't think sending more than 1 friend request is something anyone needs protection from. Facebook use to be great and one could always get help with issues but not anymore. Ridiculous. Oh and might I add I have no restrictions on my account. Facebook you can do so much better.,1,2026-01-15 01:29:23,26,facebook,google_play,np,2026-01-16T19:17:26.250549,False,False,False,False,True,True,since for 2 months now i have been trying to get help with an issue which is if i send more than one friend request i get a pop up saying facebook limits things like that to protect the community i don't think sending more than 1 friend request is something anyone needs protection from facebook use to be great and one could always get help with issues but not anymore ridiculous oh and might i add i have no restrictions on my account facebook you can do so much better,en,unknown,,no_indicator,91
e2b07db1-6d1f-43b6-9938-91f53e0221de,Patty Wilkins4,this is just a dumb app I never you. just keep blocking account with no reason blocked my 100 dollars in my wallet someone even sent me an gift cards he blocked without not use I think is app is just a scam app because the money return the owners of this app Facebook,1,2026-01-15 00:58:18,0,facebook,google_play,np,2026-01-16T19:17:26.250549,False,False,False,False,True,True,this is just a dumb app i never you just keep blocking account with no reason blocked my 100 dollars in my wallet someone even sent me an gift cards he blocked without not use i think is app is just a scam app because the money return the owners of this app facebook,en,unknown,,no_indicator,54
223407c2-df9f-4941-8e35-b0b9dc5d7ed9,Chuckie Palopalo,I had a hard a annoyed time with there all apps I got banned on Instagram and Facebook for having a profile picture that doesn't even represent as inappropriate stuff and the other is for having a name with a different language which is kinda racist ngl,2,2026-01-15 00:43:52,0,facebook,google_play,np,2026-01-16T19:17:26.250549,True,False,False,False,False,True,i had a hard a annoyed time with there all apps i got banned on instagram and facebook for having a profile picture that doesn't even represent as inappropriate stuff and the other is for having a name with a different language which is kinda racist ngl,en,unknown,,no_indicator,47
fc9d7735-7fcd-48b8-a460-1b7b566557b2,Mehran Khan,Facebook is One of the most important path for student when they are using it positive,3,2026-01-14 23:16:25,0,facebook,google_play,np,2026-01-16T19:17:26.250549,False,True,False,False,False,True,facebook is one of the most important path for student when they are using it positive,en,young_adult,,role_indicator,16
